{
  "Logistic": 0.7662337662337663,
  "Dec.Tree": 0.7207792207792207,
  "RandomForest": 0.7662337662337663,
  "SVM": 0.7402597402597403,
  "KNN": 0.7662337662337663
}